{"flutter":{"platforms":{"android":{"default":{"projectId":"admin-sewa-mobil","appId":"1:369705068840:android:2971dfc234d2bada1f481d","fileOutput":"android/app/google-services.json"}},"dart":{"lib/firebase_options.dart":{"projectId":"admin-sewa-mobil","configurations":{"android":"1:369705068840:android:2971dfc234d2bada1f481d","ios":"1:369705068840:ios:fd672dca3703de411f481d","macos":"1:369705068840:ios:fd672dca3703de411f481d","web":"1:369705068840:web:997083755a9c4cd91f481d","windows":"1:369705068840:web:b564f347cc37108c1f481d"}}}}}}