{
  "project_info": {
    "project_number": "369705068840",
    "project_id": "admin-sewa-mobil",
    "storage_bucket": "admin-sewa-mobil.firebasestorage.app"
  },
  "client": [
    {
      "client_info": {
        "mobilesdk_app_id": "1:369705068840:android:2971dfc234d2bada1f481d",
        "android_client_info": {
          "package_name": "com.example.admin_sewa_mobil"
        }
      },
      "oauth_client": [],
      "api_key": [
        {
          "current_key": "AIzaSyBdCR-tphlelJ8yP5_DqBbCtLk5KtCEyBk"
        }
      ],
      "services": {
        "appinvite_service": {
          "other_platform_oauth_client": []
        }
      }
    }
  ],
  "configuration_version": "1"
}